region,accident_count,death_count,serious_injury_count,minor_injury_count,reported_injury_count
강원,5880,143,1941,6268,850
경기,50963,499,11588,54393,7198
경남,11051,238,3973,9787,1188
경북,9509,250,3456,9067,786
광주,6778,45,1001,8560,557
대구,10281,76,2407,10746,1181
대전,7225,65,1468,8539,274
부산,10667,111,3235,10314,773
서울,34309,212,7791,34345,3310
세종,1118,10,202,1191,179
울산,3320,47,1105,2929,444
인천,8699,84,1805,9032,675
전남,7946,217,2188,8841,533
전북,5572,151,1594,6056,244
제주,3929,56,1025,4026,669
충남,8946,218,2750,9389,683
충북,7696,127,2134,8563,498
